cx,cy,cz,a,b,theta,Rt,Rp,E,E_i01,E_ip1,E_ip2,E_i02,E_ip3,E_ip4,E_it1,E_it2,E_it3,E_it4,machine_type,status,file_name
1.8,0.5,15.6,7.2,6.0,25,-0.2,-0.6,-4.445908036199398,-1.67337087681517,-0.2160793035291135,-0.1046849831473082,-1.5067926996853205,-0.1313039574306458,-0.1905434115324169,-0.1884958463488146,-0.1764740097569301,-1.0494125835830346,-1.1201379804406315,3,Done,pentacene_a=7.2_b=6.0_theta=25_Rt=-0.2_Rp=-0.6_cx=1.8_cy=0.5_cz=15.6.log
1.8,0.5,15.5,7.2,6.0,25,-0.2,-0.6,-4.543426541495137,-1.673900495050475,-0.2261320138350129,-0.1148117394186556,-1.3733734062407166,-0.1407304126769304,-0.2021736819297075,-0.1966497113462537,-0.184967357548885,-1.1111394871259108,-1.1851091108983385,3,Done,pentacene_a=7.2_b=6.0_theta=25_Rt=-0.2_Rp=-0.6_cx=1.8_cy=0.5_cz=15.5.log
1.8,0.5,15.7,7.2,6.0,25,-0.2,-0.6,-4.266812603455037,-1.6289858396630734,-0.2063679588027298,-0.0954844316001981,-1.540835744701326,-0.1226782051380723,-0.1795431612990796,-0.1805917301680892,-0.16831261490006,-0.9791145205963404,-1.0518460671883076,3,Done,pentacene_a=7.2_b=6.0_theta=25_Rt=-0.2_Rp=-0.6_cx=1.8_cy=0.5_cz=15.7.log
1.8,0.5,15.4,7.2,6.0,25,-0.2,-0.6,-4.52526483341353,-1.6130163375055417,-0.23652232438325882,-0.12590737151913345,-1.1027195581700653,-0.15101028140634298,-0.21446911268867552,-0.20508093549869955,-0.19377508806064725,-1.1595292933052406,-1.2450570237124339,3,Done,pentacene_a=7.2_b=6.0_theta=25_Rt=-0.2_Rp=-0.6_cx=1.8_cy=0.5_cz=15.4.log
