a,b,theta,E,E_t1,E_t2,E_p1,Ga,Gb,Gc,machine_type,status,file_name
11.4,10.5,35,-33.892173407715745,-7.762919934815727,-6.131206309248228,-6.103920919587836,3.5,1.4,1,3,Done,perylene_theta=35_Ga=3.5_Gb=1.4_Gc=1_a=11.4_b=10.5.log
10.5,11.4,55,-33.95605141634587,-5.8753591871936806,-8.050712336262222,-6.103908369434066,3.5,-1.4,1,3,Done,perylene_theta=55_Ga=3.5_Gb=-1.4_Gc=1_a=10.5_b=11.4.log
